{"size":855,"gyro":[[-0.0010646508,0.0,0.0],[-0.0010646508,0.0,0.0],[-0.0010646508,0.0,0.0],[-0.0010646508,0.0,0.0],[-0.0010646508,0.0,0.0],[-0.0010646508,0.0,0.0],[-0.0010646508,0.0,0.0],[-0.0010646508,0.0,0.0],[-0.0010646508,0.0,0.0],[-0.0010646508,0.0,0.0],[-0.0010646508,0.0,0.0],[-0.0010646508,0.0,0.0],[-0.0010646508,0.0,0.0],[-0.0010646508,0.0,0.0],[-0.0010646508,0.0,0.0],[-0.0010646508,0.0,0.0],[-0.0010646508,0.0,0.0],[-0.0010646508,0.0,0.0],[-0.0010646508,0.0,0.0],[-0.0010646508,0.0,0.0],[-0.0010646508,0.0,0.0],[-0.0010646508,0.0,0.0],[-0.0010646508,0.0,0.0],[-0.0010646508,0.0,0.0],[-0.0010646508,0.0,0.0],[-0.0010646508,0.0,0.0],[-0.0010646508,0.0,0.0],[-0.0010646508,0.0,0.0],[-0.0010646508,0.0,0.0],[-0.0010646508,0.0,0.0],[-0.0010646508,0.0,0.0],[-0.0010646508,0.0,0.0],[-0.0010646508,0.0,0.0],[-0.0010646508,0.0,0.0],[-0.0010646508,0.0,0.0],[-0.0010646508,0.0,0.0],[-0.0010646508,0.0,0.0],[-0.0010646508,0.0,0.0],[-0.0010646508,0.0,0.0],[-0.0010646508,0.0,0.0],[-0.0010646508,0.0,0.0],[-0.0010646508,0.0,0.0],[-0.0010646508,0.0,0.0],[-0.0010646508,0.0,0.0],[-0.0010646508,0.0,0.0],[-0.0010646508,0.0,0.0],[-0.0010646508,0.0,0.0],[-0.0010646508,0.0,0.0],[-0.0010646508,0.0,0.0],[-0.0010646508,0.0,0.0],[-0.0010646508,0.0,0.0],[-0.0010646508,0.0,0.0],[-0.0010646508,0.0,0.0],[-0.0010646508,0.0,0.0],[-0.0010646508,0.0,0.0],[-0.0010646508,0.0,0.0],[-0.0010646508,0.0,0.0],[-0.0010646508,0.0,0.0],[-0.0010646508,0.0,0.0]],"acc":[[0.40778044,0.20390937,9.762722],[0.40778044,0.20390937,9.762722],[0.40778044,0.20390937,9.762722],[0.40778044,0.20390937,9.762722],[0.40778044,0.20390937,9.762722],[0.40778044,0.20390937,9.762722],[0.40778044,0.20390937,9.762722],[0.40778044,0.20390937,9.762722],[0.40778044,0.20390937,9.762722],[0.40778044,0.20390937,9.762722],[0.40778044,0.20390937,9.762722],[0.40778044,0.20390937,9.762722],[0.40778044,0.20390937,9.762722],[0.40778044,0.20390937,9.762722],[0.40778044,0.20390937,9.762722],[0.40778044,0.20390937,9.762722],[0.40778044,0.20390937,9.762722],[0.40778044,0.20390937,9.762722],[0.40778044,0.20390937,9.762722],[0.40778044,0.20390937,9.762722],[0.40778044,0.20390937,9.762722],[0.40778044,0.20390937,9.762722],[0.40778044,0.20390937,9.762722],[0.40778044,0.20390937,9.762722],[0.40778044,0.20390937,9.762722],[0.40778044,0.20390937,9.762722],[0.40778044,0.20390937,9.762722],[0.40778044,0.20390937,9.762722],[0.40778044,0.20390937,9.762722],[0.40778044,0.20390937,9.762722],[0.40778044,0.20390937,9.762722],[0.40778044,0.20390937,9.762722],[0.40778044,0.20390937,9.762722],[0.40778044,0.20390937,9.762722],[0.40778044,0.20390937,9.762722],[0.40778044,0.20390937,9.762722],[0.40778044,0.20390937,9.762722],[0.40778044,0.20390937,9.762722],[0.40778044,0.20390937,9.762722],[0.40778044,0.20390937,9.762722],[0.40778044,0.20390937,9.762722],[0.40778044,0.20390937,9.762722],[0.40778044,0.20390937,9.762722],[0.40778044,0.20390937,9.762722],[0.40778044,0.20390937,9.762722],[0.40778044,0.20390937,9.762722],[0.40778044,0.20390937,9.762722],[0.40778044,0.20390937,9.762722],[0.40778044,0.20390937,9.762722],[0.40778044,0.20390937,9.762722],[0.40778044,0.20390937,9.762722],[0.40778044,0.20390937,9.762722],[0.40778044,0.20390937,9.762722],[0.40778044,0.20390937,9.762722],[0.40778044,0.20390937,9.762722],[0.40778044,0.20390937,9.762722],[0.40778044,0.20390937,9.762722],[0.40778044,0.20390937,9.762722],[0.40778044,0.20390937,9.762722]],"x":[645.29785,645.29785,645.29785,645.29785,631.3627,587.90466,542.5794,503.10175,450.7021,409.39026,377.73254,350.41168,323.94666,301.04556,285.04465,278.58847,274.21173,272.65128,273.50037,280.90973,302.79547,348.75482,407.34216,447.3946,490.78546,529.2047,561.97034,593.2723,619.8277,644.82495,658.4879,665.35114,664.3868,652.66693,627.36694,587.5796,529.9037,496.42383,468.78625,447.99768,429.22375,409.13446,389.27936,368.4576,349.20276,330.95798,305.40768,279.20416,256.41168,231.36935,216.14087,210.35147,207.73361,211.19733,217.43015,224.81018,233.26294,235.92038,230.43246],"y":[102.64984,102.64984,102.64984,102.64984,99.826355,95.121155,92.05383,92.12854,93.99072,96.04559,99.746765,104.281006,108.1687,114.43683,121.43506,128.6875,134.06598,139.6087,146.92188,159.03717,181.66498,214.93396,251.36676,277.1266,303.78748,329.12146,349.69287,372.59814,395.02966,422.7345,447.73328,464.70874,480.63342,502.0453,526.0736,551.2024,585.1417,603.12756,622.9199,640.052,654.50305,666.88696,679.10876,690.08484,697.94006,699.3917,695.0924,686.35474,672.6775,645.3445,614.0979,581.2317,540.07214,506.6576,466.12817,426.83325,378.34607,331.70825,302.50287],"time":[0,9365104,19397917,13221875,16769271,17593229,15501562,16848437,16775521,16716146,16928646,16110417,16897396,16931250,16560938,16119271,17015625,15997396,17086458,16559895,16823437,16039583,16938021,16506771,17278646,16107292,17048959,16097917,17216146,16035416,17453125,15802604,17039062,16305729,17369271,16402604,16141146,16561459,17212500,15857813,16902083,16720313,16191667,17609896,15795313,17209896,16065625,16785417,17018750,16685937,16880208,15604167,16779167,16343229,16835417,16502604,18569271,15480729,16382292],"rawTime":[132960764366169,132960773626065,132960793040648,132960806270336,132960823051065,132960840658357,132960856167211,132960873021377,132960889808877,132960906537002,132960923480231,132960939599502,132960956508356,132960973446898,132960990015127,132961006142731,132961023170856,132961039196898,132961056295336,132961072867211,132961089700544,132961105747940,132961122696898,132961139215127,132961156503669,132961172623981,132961189684398,132961205793252,132961223017211,132961239065648,132961256526065,132961272341169,132961289391169,132961305705752,132961323081273,132961339489606,132961355640127,132961372210440,132961389433877,132961405298461,132961422209398,132961438939606,132961455138044,132961472761481,132961488566690,132961505787523,132961521861481,132961538657315,132961555681794,132961572378148,132961589269294,132961604881794,132961621668773,132961638020856,132961654865648,132961671375023,132961689955752,132961705447419,132961721839606],"aproperties":[{"resolution":78.4532,"maxRange":9.576806E-6,"minDelay":4000,"maxDelay":200000}],"gproperties":[{"resolution":34.906586,"maxRange":1.7453292E-5,"minDelay":4000,"maxDelay":200000}]}